{
  "gamma_hat": 0.10000002335315991,
  "beta_hat": 0.7,
  "gamma_true": 0.1,
  "beta_true": 1.0,
  "gamma_error": 2.3353159905870058e-08,
  "beta_error": 0.30000000000000004,
  "beta_grid": [
    0.5,
    0.6,
    0.7,
    0.8,
    0.9,
    1.0,
    1.1,
    1.2000000000000002,
    1.3,
    1.4,
    1.5
  ],
  "N": 100,
  "epsilon_tol": 0.0001,
  "max_iter": 1000
}